Electron density <n>,                             0.7106565206                                      
Double occupancy <n+ n->,                         0.02611963489                                     
Hkin,                                             -30.01358922                                      
Hint,                                             0.5223926978                                      
Average sign,                                     0.73125                                           
