Electron density <n>,                             0.7174515491                                      
Double occupancy <n+ n->,                         0.07667944501                                     
Hkin,                                             -25.75282826                                      
Average sign,                                     0.9821428571                                      
