Electron density <n>,                             0.6169394416                                      
Double occupancy <n+ n->,                         0.06870087515                                     
Hkin,                                             -33.82053344                                      
Average sign,                                     0.8392857143                                      
