Electron density <n>,                             0.7300363329                                      
Double occupancy <n+ n->,                         0.06677531548                                     
Hkin,                                             -25.75473388                                      
Average sign,                                     0.9642857143                                      
