Electron density <n>,                             0.7745788866                                      
Double occupancy <n+ n->,                         0.05882256024                                     
Hkin,                                             -27.48134711                                      
Average sign,                                     0.2946428571                                      
