Electron density <n>,                             0.7151039738                                      
Double occupancy <n+ n->,                         0.04419248203                                     
Hkin,                                             -25.74796924                                      
Average sign,                                     0.9642857143                                      
