Electron density <n>,                             0.6858211048                                      
Double occupancy <n+ n->,                         0.06074031025                                     
Hkin,                                             -32.480695                                        
Average sign,                                     0.3571428571                                      
