Electron density <n>,                             0.7696176071                                      
Double occupancy <n+ n->,                         0.009087390867                                    
Hkin,                                             -45.93345386                                      
Average sign,                                     -0.6696428571                                     
