Electron density <n>,                             0.7494694617                                      
Double occupancy <n+ n->,                         0.04745749052                                     
Hkin,                                             -25.07784644                                      
Average sign,                                     0.7946428571                                      
