Electron density <n>,                             0.7119459029                                      
Double occupancy <n+ n->,                         0.04492345223                                     
Hkin,                                             -25.02972653                                      
Average sign,                                     0.7589285714                                      
