Electron density <n>,                             0.6536969544                                      
Double occupancy <n+ n->,                         0.07729441401                                     
Hkin,                                             -27.80654996                                      
Average sign,                                     0.8541666667                                      
