Electron density <n>,                             0.629102763                                       
Double occupancy <n+ n->,                         0.05211233342                                     
Hkin,                                             -32.02379715                                      
Average sign,                                     0.7857142857                                      
