Electron density <n>,                             0.6346711765                                      
Double occupancy <n+ n->,                         0.07063987115                                     
Hkin,                                             -34.75108168                                      
Average sign,                                     0.8214285714                                      
