Electron density <n>,                             0.7740024669                                      
Double occupancy <n+ n->,                         0.06067206984                                     
Hkin,                                             -23.64356422                                      
Average sign,                                     0.5892857143                                      
