Electron density <n>,                             0.7346451041                                      
Double occupancy <n+ n->,                         0.04029220669                                     
Hkin,                                             -29.88156876                                      
Hint,                                             0.644675307                                       
Average sign,                                     0.4017857143                                      
