Electron density <n>,                             0.7304021522                                      
Double occupancy <n+ n->,                         0.05577708476                                     
Hkin,                                             -25.61840553                                      
Average sign,                                     0.8928571429                                      
