Electron density <n>,                             0.7107301649                                      
Double occupancy <n+ n->,                         0.0533551837                                      
Hkin,                                             -25.83953196                                      
Average sign,                                     0.9285714286                                      
