Electron density <n>,                             0.7924379728                                      
Double occupancy <n+ n->,                         0.05088834064                                     
Hkin,                                             -26.85294519                                      
Average sign,                                     0.2864583333                                      
