Electron density <n>,                             0.84285169                                        
Double occupancy <n+ n->,                         0.05395906911                                     
Hkin,                                             -25.66941077                                      
Average sign,                                     0.1696428571                                      
