Electron density <n>,                             0.7309586271                                      
Double occupancy <n+ n->,                         0.04607767397                                     
Hkin,                                             -25.96327343                                      
Average sign,                                     0.7232142857                                      
