Electron density <n>,                             0.6440470682                                      
Double occupancy <n+ n->,                         0.04808042753                                     
Hkin,                                             -22.57755515                                      
Average sign,                                     0.2321428571                                      
