Electron density <n>,                             0.5976396389                                      
Double occupancy <n+ n->,                         0.03358193631                                     
Hkin,                                             -38.7807459                                       
Average sign,                                     0.8616071429                                      
