Electron density <n>,                             0.6573359547                                      
Double occupancy <n+ n->,                         0.04069131827                                     
Hkin,                                             -29.07231276                                      
Average sign,                                     0.9107142857                                      
