Electron density <n>,                             0.5309583253                                      
Double occupancy <n+ n->,                         0.02341897889                                     
Hkin,                                             -37.48177407                                      
Average sign,                                     0.3571428571                                      
