Electron density <n>,                             0.6427071714                                      
Double occupancy <n+ n->,                         0.05171448964                                     
Hkin,                                             -35.90219265                                      
Average sign,                                     0.9910714286                                      
