Electron density <n>,                             0.6613379394                                      
Double occupancy <n+ n->,                         0.0333453796                                      
Hkin,                                             -36.44378097                                      
Average sign,                                     0.9910714286                                      
