Electron density <n>,                             0.6334685109                                      
Double occupancy <n+ n->,                         0.04258130312                                     
Hkin,                                             -30.09823133                                      
Average sign,                                     0.9107142857                                      
