Electron density <n>,                             0.7572873313                                      
Double occupancy <n+ n->,                         0.04791771183                                     
Hkin,                                             -25.34381879                                      
Average sign,                                     0.8839285714                                      
