Electron density <n>,                             0.6215232103                                      
Double occupancy <n+ n->,                         0.05077242586                                     
Hkin,                                             -32.99284862                                      
Average sign,                                     0.5089285714                                      
