Electron density <n>,                             0.5918640321                                      
Double occupancy <n+ n->,                         0.01596927973                                     
Hkin,                                             -47.84189473                                      
Average sign,                                     0.9947916667                                      
