Electron density <n>,                             0.6629326099                                      
Double occupancy <n+ n->,                         0.04997157935                                     
Hkin,                                             -24.326717                                        
Average sign,                                     0.3392857143                                      
