Electron density <n>,                             0.6432862503                                      
Double occupancy <n+ n->,                         0.02010395903                                     
Hkin,                                             -41.56080304                                      
Average sign,                                     0.9910714286                                      
