Electron density <n>,                             0.6508942324                                      
Double occupancy <n+ n->,                         0.02005029801                                     
Hkin,                                             -33.19496912                                      
Hint,                                             0.4010059601                                      
Average sign,                                     0.9642857143                                      
