Electron density <n>,                             0.6819398827                                      
Double occupancy <n+ n->,                         0.04300223411                                     
Hkin,                                             -22.80737014                                      
Average sign,                                     -0.5446428571                                     
