Electron density <n>,                             1                                                 
d<n>,                                             1.173428913e-10                                   
Double occupancy <n+ n->,                         0.1601988422                                      
d<n+ n->,                                         3.130484185e-05                                   
Hkin,                                             -1.357810282                                      
dHkin,                                            0.0001969243227                                   
Hint,                                             0.4805965265                                      
Average sign,                                     1                                                 
