Electron density <n>,                             0.7234946271                                      
Double occupancy <n+ n->,                         0.04571880382                                     
Hkin,                                             -25.18361704                                      
Average sign,                                     0.8214285714                                      
