Electron density <n>,                             0.5897890533                                      
Double occupancy <n+ n->,                         0.03393443705                                     
Hkin,                                             -26.72892747                                      
Average sign,                                     0.5089285714                                      
