Electron density <n>,                             0.6276323615                                      
Double occupancy <n+ n->,                         0.01826203055                                     
Hkin,                                             -45.26067923                                      
Average sign,                                     0.9732142857                                      
