Electron density <n>,                             0.6277985477                                      
Double occupancy <n+ n->,                         0.04853176409                                     
Hkin,                                             -20.53075177                                      
Average sign,                                     0.4196428571                                      
