Electron density <n>,                             0.6313415746                                      
Double occupancy <n+ n->,                         0.07049445661                                     
Hkin,                                             -33.10518455                                      
Average sign,                                     0.8839285714                                      
