Electron density <n>,                             0.7203685805                                      
Double occupancy <n+ n->,                         0.07692155805                                     
Hkin,                                             -25.85719375                                      
Average sign,                                     0.9910714286                                      
