Electron density <n>,                             0.6993416063                                      
Double occupancy <n+ n->,                         0.06137553046                                     
Hkin,                                             -27.94498932                                      
Average sign,                                     -0.7321428571                                     
