Electron density <n>,                             0.7475605718                                      
Double occupancy <n+ n->,                         0.05555465618                                     
Hkin,                                             -29.32358859                                      
Average sign,                                     0.8303571429                                      
