Electron density <n>,                             0.7050952985                                      
Double occupancy <n+ n->,                         0.04447019705                                     
Hkin,                                             -22.35455215                                      
Average sign,                                     0.6339285714                                      
