Electron density <n>,                             0.669482694                                       
Double occupancy <n+ n->,                         0.02140167383                                     
Hkin,                                             -38.50021345                                      
Average sign,                                     0.9821428571                                      
