Electron density <n>,                             0.6768649318                                      
Double occupancy <n+ n->,                         0.02222381029                                     
Hkin,                                             -32.55086345                                      
Hint,                                             0.4444762057                                      
Average sign,                                     0.9642857143                                      
