Electron density <n>,                             0.6922705618                                      
Double occupancy <n+ n->,                         0.02479410646                                     
Hkin,                                             -35.83078921                                      
Average sign,                                     0.9821428571                                      
