Electron density <n>,                             0.6754187072                                      
Double occupancy <n+ n->,                         0.007838340494                                    
Hkin,                                             -40.37128681                                      
Average sign,                                     -0.8482142857                                     
