Electron density <n>,                             0.7032533144                                      
Double occupancy <n+ n->,                         0.0445248942                                      
Hkin,                                             -23.65073916                                      
Average sign,                                     0.4017857143                                      
