Electron density <n>,                             0.6505935109                                      
Double occupancy <n+ n->,                         0.02035814097                                     
Hkin,                                             -41.98645175                                      
Average sign,                                     0.9739583333                                      
