Electron density <n>,                             0.6598410072                                      
Double occupancy <n+ n->,                         0.03326450759                                     
Hkin,                                             -30.05338416                                      
Average sign,                                     0.9910714286                                      
