Electron density <n>,                             -0.08274518267                                    
Double occupancy <n+ n->,                         -0.005599030738                                   
Hkin,                                             4.906491616                                       
Average sign,                                     0.1071428571                                      
