Electron density <n>,                             0.6574784894                                      
Double occupancy <n+ n->,                         0.02015282166                                     
Hkin,                                             -33.58082958                                      
Hint,                                             0.4030564333                                      
Average sign,                                     0.9833333333                                      
