Electron density <n>,                             0.6829752168                                      
Double occupancy <n+ n->,                         0.05068889417                                     
Hkin,                                             -26.81129973                                      
Average sign,                                     0.9464285714                                      
