Electron density <n>,                             0.6376477437                                      
Double occupancy <n+ n->,                         0.004558202301                                    
Hkin,                                             -35.41043957                                      
Average sign,                                     0.2321428571                                      
