Electron density <n>,                             0.6705335878                                      
Double occupancy <n+ n->,                         0.03500539759                                     
Hkin,                                             -34.85042395                                      
Average sign,                                     0.99609375                                        
