Electron density <n>,                             0.7633476292                                      
Double occupancy <n+ n->,                         0.05968579524                                     
Hkin,                                             -23.28470909                                      
Average sign,                                     0.4553571429                                      
