Electron density <n>,                             0.5849615713                                      
Double occupancy <n+ n->,                         0.0426137382                                      
Hkin,                                             -23.55971003                                      
Average sign,                                     0.4285714286                                      
