Electron density <n>,                             0.7595276642                                      
Double occupancy <n+ n->,                         0.009292983624                                    
Hkin,                                             -43.05707802                                      
Average sign,                                     -0.6068548387                                     
