Electron density <n>,                             0.6902686363                                      
Double occupancy <n+ n->,                         0.04923959849                                     
Hkin,                                             -30.26920702                                      
Average sign,                                     0.7946428571                                      
