Electron density <n>,                             0.9327664158                                      
Double occupancy <n+ n->,                         0.05863114658                                     
Hkin,                                             -32.96656444                                      
Average sign,                                     0.1607142857                                      
