Electron density <n>,                             0.7222064489                                      
Double occupancy <n+ n->,                         0.04048568229                                     
Hkin,                                             -28.07496586                                      
Average sign,                                     0.1517857143                                      
