Electron density <n>,                             0.731678765                                       
Double occupancy <n+ n->,                         0.04570895011                                     
Hkin,                                             -28.25939422                                      
Average sign,                                     0.7589285714                                      
