Electron density <n>,                             0.677970684                                       
Double occupancy <n+ n->,                         0.05163606172                                     
Hkin,                                             -20.76643791                                      
Average sign,                                     0.5803571429                                      
