Electron density <n>,                             0.7306722105                                      
Double occupancy <n+ n->,                         0.05579594318                                     
Hkin,                                             -25.63516841                                      
Average sign,                                     0.9464285714                                      
