Electron density <n>,                             0.7248747418                                      
Double occupancy <n+ n->,                         0.0539161012                                      
Hkin,                                             -28.42684215                                      
Average sign,                                     0.6607142857                                      
