Electron density <n>,                             0.7017521106                                      
Double occupancy <n+ n->,                         0.05219524809                                     
Hkin,                                             -27.5443593                                       
Average sign,                                     0.7857142857                                      
