Electron density <n>,                             0.6003027972                                      
Double occupancy <n+ n->,                         0.03595756373                                     
Hkin,                                             -25.88335058                                      
Average sign,                                     -0.3660714286                                     
