Electron density <n>,                             0.7477478798                                      
Double occupancy <n+ n->,                         0.04727074662                                     
Hkin,                                             -25.00448147                                      
Average sign,                                     0.7589285714                                      
