Electron density <n>,                             0.6584851078                                      
Double occupancy <n+ n->,                         0.02018836993                                     
Hkin,                                             -33.5803172                                       
Hint,                                             0.4037673986                                      
Average sign,                                     0.9821428571                                      
