Electron density <n>,                             0.6589987321                                      
Double occupancy <n+ n->,                         0.05630880931                                     
Hkin,                                             -29.84222402                                      
Average sign,                                     0.6339285714                                      
