Electron density <n>,                             0.6757153649                                      
Double occupancy <n+ n->,                         0.01310470188                                     
Hkin,                                             -39.84929883                                      
Average sign,                                     0.9553571429                                      
