Electron density <n>,                             0.6695078177                                      
Double occupancy <n+ n->,                         0.02247095504                                     
Hkin,                                             -38.66851845                                      
Average sign,                                     0.9776785714                                      
